row_index,3sb,4sb,5sb,6sb,7sb,8sb,9sb,10sb,11sb,12sb,13sb,14sb,15sb,16sb,3pb,4pb,5pb,6pb,7pb,8pb,9pb,10pb,11pb,12pb,13pb,14pb,15pb,16pb,3db,4db,5db,6db,7db,8db,9db,10db,11db,12db,13db,14db,15db,16db,4fb,5fb,6fb,7fb,8fb,9fb,10fb,11fb,12fb,13fb,14fb,15fb,16fb,5gb,6gb,7gb,8gb,9gb,10gb,11gb,12gb,13gb,14gb,15gb,16gb
3sb,0.0,-0.11675997094077,-0.15102485654239,-0.16559672692911,-0.17312173585419,-0.1775080979819,-0.18028670257535,-0.18215715233087,-0.18347607767818,-0.18444078891298,-0.18516764375188,-0.18572886586011,-0.18617120961193,-0.18652602474615,-0.07644073783718,-0.13753674880728,-0.15948120925403,-0.16984105992883,-0.17554686389515,-0.17902179289856,-0.18129413387503,-0.18286114326233,-0.18398723588826,-0.18482358046766,-0.18546169476473,-0.18595961833993,-0.18635560331421,-0.18667569125637,-0.13345489933305,-0.15769667294394,-0.16890987788049,-0.17500165520245,-0.17867574376976,-0.18106099858639,-0.18269671242762,-0.18386697280539,-0.18473298899529,-0.18539176776611999,-0.18590452175012,-0.18631142427631,-0.18663972645133,-0.18690844231575,-0.15761041777049,-0.16886031208786,-0.17497126693665,-0.17865595816215,-0.1810474609075,-0.1826870679754,-0.18385987067134,-0.18472761332929,-0.18538760381748,-0.18590123239396,-0.18630878153457,-0.18663757182624,-0.18690666292127,-0.16885975977087,-0.17497087106526,-0.17865567804441,-0.18104725934597,-0.18268691955705,-0.1838597588416,-0.18472752726712,-0.18538753632067,-0.18590117856224,-0.18630873795896,-0.18663753608491,-0.18690663325969
4sb,0.11675997094077,0.0,-0.034264885601620006,-0.04883675598834,-0.05636176491342,-0.06074812704113,-0.06352673163458,-0.0653971813901,-0.06671610673741,-0.06768081797221001,-0.06840767281111,-0.06896889491934001,-0.06941123867116,-0.06976605380538001,0.040319233103589994,-0.020776777866510006,-0.04272123831326001,-0.05308108898806001,-0.058786892954380006,-0.06226182195779001,-0.06453416293426001,-0.06610117232156,-0.06722726494749001,-0.06806360952689,-0.06870172382396,-0.06919964739916,-0.06959563237344,-0.0699157203156,-0.016694928392280005,-0.040936702003170004,-0.052149906939720006,-0.058241684261680006,-0.06191577282899001,-0.06430102764562001,-0.06593674148685,-0.06710700186462,-0.06797301805452001,-0.06863179682535,-0.06914455080935,-0.06955145333554001,-0.06987975551056,-0.07014847137498001,-0.04085044682972001,-0.05210034114709,-0.05821129599588001,-0.061895987221380004,-0.06428748996673,-0.06592709703463001,-0.06709989973057001,-0.06796764238852,-0.06862763287671,-0.06914126145319001,-0.06954881059380001,-0.06987760088547,-0.07014669198050001,-0.052099788830100004,-0.058210900124490005,-0.06189570710364001,-0.06428728840520001,-0.06592694861628001,-0.06709978790083,-0.06796755632635,-0.0686275653799,-0.06914120762147001,-0.06954876701819,-0.06987756514414001,-0.07014666231892
5sb,0.15102485654239,0.034264885601620006,0.0,-0.01457187038672,-0.0220968793118,-0.02648324143951,-0.02926184603296,-0.03113229578848,-0.03245122113579,-0.03341593237059,-0.03414278720949,-0.03470400931772,-0.03514635306954,-0.03550116820376,0.07458411870521,0.01348810773511,-0.00845635271164,-0.018816203386439998,-0.02452200735276,-0.02799693635617,-0.03026927733264,-0.03183628671994,-0.03296237934587,-0.03379872392527,-0.03443683822234,-0.03493476179754,-0.03533074677182,-0.03565083471398,0.01756995720934,-0.006671816401549999,-0.0178850213381,-0.02397679866006,-0.02765088722737,-0.030036142044,-0.03167185588523,-0.032842116263,-0.0337081324529,-0.03436691122373,-0.03487966520773,-0.03528656773392,-0.03561486990894,-0.03588358577336,-0.006585561228100001,-0.01783545554547,-0.02394641039426,-0.02763110161976,-0.03002260436511,-0.03166221143301,-0.03283501412895,-0.0337027567869,-0.03436274727509,-0.034876375851569996,-0.03528392499218,-0.03561271528385,-0.03588180637888,-0.017834903228479998,-0.02394601452287,-0.027630821502020002,-0.030022402803579998,-0.03166206301466,-0.03283490229921,-0.03370267072473,-0.03436267977828,-0.03487632201985,-0.03528388141657,-0.03561267954252,-0.0358817767173
6sb,0.16559672692911,0.04883675598834,0.01457187038672,0.0,-0.007525008925079998,-0.011911371052789999,-0.01468997564624,-0.01656042540176,-0.01787935074907,-0.018844061983869998,-0.01957091682277,-0.020132138931,-0.02057448268282,-0.020929297817039998,0.08915598909193,0.02805997812183,0.00611551767508,-0.004244332999719998,-0.00995013696604,-0.01342506596945,-0.01569740694592,-0.017264416333219998,-0.01839050895915,-0.01922685353855,-0.01986496783562,-0.02036289141082,-0.0207588763851,-0.02107896432726,0.032141827596060005,0.007900053985170002,-0.00331315095138,-0.00940492827334,-0.01307901684065,-0.01546427165728,-0.01709998549851,-0.018270245876279997,-0.01913626206618,-0.01979504083701,-0.02030779482101,-0.0207146973472,-0.02104299952222,-0.02131171538664,0.00798630915862,-0.0032635851587499987,-0.009374540007539999,-0.01305923123304,-0.015450733978389999,-0.017090341046289998,-0.01826314374223,-0.01913088640018,-0.019790876888369998,-0.02030450546485,-0.02071205460546,-0.02104084489713,-0.02130993599216,-0.0032630328417599976,-0.009374144136149998,-0.0130589511153,-0.015450532416859999,-0.01709019262794,-0.01826303191249,-0.01913080033801,-0.01979080939156,-0.02030445163313,-0.02071201102985,-0.0210408091558,-0.021309906330579997
7sb,0.17312173585419,0.05636176491342,0.0220968793118,0.007525008925079998,0.0,-0.00438636212771,-0.0071649667211600016,-0.009035416476680002,-0.01035434182399,-0.01131905305879,-0.01204590789769,-0.012607130005920002,-0.013049473757740002,-0.013404288891960001,0.09668099801701,0.03558498704691,0.013640526600159998,0.0032806759253600007,-0.0024251280409600014,-0.005900057044370001,-0.00817239802084,-0.00973940740814,-0.01086550003407,-0.01170184461347,-0.01233995891054,-0.01283788248574,-0.013233867460020001,-0.01355395540218,0.03966683652114,0.01542506291025,0.0042118579736999985,-0.0018799193482600014,-0.0055540079155700015,-0.007939262732200001,-0.00957497657343,-0.0107452369512,-0.011611253141100002,-0.012270031911930001,-0.012782785895930002,-0.01318968842212,-0.013517990597140001,-0.013786706461560001,0.015511318083699998,0.00426142376633,-0.0018495310824600004,-0.005534222307960001,-0.00792572505331,-0.00956533212121,-0.01073813481715,-0.011605877475100002,-0.012265867963290001,-0.01277949653977,-0.01318704568038,-0.01351583597205,-0.01378492706708,0.004261976083320001,-0.00184913521107,-0.005533942190220001,-0.00792552349178,-0.00956518370286,-0.01073802298741,-0.01160579141293,-0.01226580046648,-0.01277944270805,-0.013187002104770001,-0.01351580023072,-0.0137848974055
8sb,0.1775080979819,0.06074812704113,0.02648324143951,0.011911371052789999,0.00438636212771,0.0,-0.0027786045934500014,-0.004649054348970001,-0.005967979696280001,-0.0069326909310800005,-0.00765954576998,-0.008220767878210002,-0.008663111630030002,-0.00901792676425,0.10106736014472,0.03997134917462,0.018026888727869998,0.007667038053070001,0.0019612340867499987,-0.0015136949166600008,-0.0037860358931300006,-0.00535304528043,-0.00647913790636,-0.007315482485760001,-0.00795359678283,-0.00845152035803,-0.008847505332310001,-0.00916759327447,0.04405319864885,0.01981142503796,0.008598220101409999,0.0025064427794499987,-0.0011676457878600013,-0.003552900604490001,-0.00518861444572,-0.006358874823490001,-0.007224891013390001,-0.00788366978422,-0.008396423768220002,-0.00880332629441,-0.009131628469430001,-0.009400344333850001,0.019897680211409998,0.00864778589404,0.0025368310452499997,-0.0011478601802500012,-0.0035393629256,-0.0051789699935,-0.00635177268944,-0.007219515347390001,-0.007879505835580001,-0.00839313441206,-0.00880068355267,-0.00912947384434,-0.00939856493937,0.008648338211030001,0.00253722691664,-0.0011475800625100011,-0.0035391613640700006,-0.005178821575150001,-0.006351660859700001,-0.007219429285220001,-0.00787943833877,-0.00839308058034,-0.008800639977060001,-0.00912943810301,-0.00939853527779
9sb,0.18028670257535,0.06352673163458,0.02926184603296,0.01468997564624,0.0071649667211600016,0.0027786045934500014,0.0,-0.0018704497555199996,-0.0031893751028299992,-0.004154086337629999,-0.004880941176529999,-0.005442163284759999,-0.005884507036579999,-0.006239322170799999,0.10384596473817,0.042749953768070004,0.02080549332132,0.010445642646520002,0.0047398386802,0.0012649096767900006,-0.0010074312996799992,-0.002574440686979999,-0.003700533312909999,-0.004536877892309999,-0.005174992189379999,-0.005672915764579999,-0.0060689007388599996,-0.006388988681019999,0.046831803242300005,0.02259002963141,0.01137682469486,0.0052850473729,0.00161095880559,-0.0007742960110399995,-0.0024100098522699988,-0.003580270230039999,-0.004446286419939999,-0.005105065190769999,-0.005617819174769999,-0.006024721700959999,-0.00635302387598,-0.006621739740399999,0.02267628480486,0.011426390487490001,0.005315435638700001,0.0016307444132000002,-0.0007607583321499987,-0.002400365400049999,-0.0035731680959899988,-0.004440910753939999,-0.00510090124213,-0.005614529818609999,-0.006022078959219999,-0.006350869250889999,-0.006619960345919999,0.011426942804480002,0.0053158315100900015,0.0016310245309400003,-0.0007605567706199991,-0.0024002169816999992,-0.0035730562662499993,-0.004440824691769999,-0.005100833745319999,-0.005614475986889999,-0.006022035383609999,-0.0063508335095599985,-0.006619930684339999
10sb,0.18215715233087,0.0653971813901,0.03113229578848,0.01656042540176,0.009035416476680002,0.004649054348970001,0.0018704497555199996,0.0,-0.0013189253473099996,-0.0022836365821099994,-0.0030104914210099996,-0.0035717135292399997,-0.00401405728106,-0.004368872415279999,0.10571641449369,0.04462040352359,0.02267594307684,0.012316092402040003,0.00661028843572,0.00313535943231,0.0008630184558400004,-0.0007039909314599992,-0.0018300835573899993,-0.0026664281367899997,-0.0033045424338599997,-0.0038024660090599997,-0.004198450983339999,-0.0045185389254999994,0.04870225299782,0.024460479386930002,0.01324727445038,0.00715549712842,0.0034814085611099997,0.00109615374448,-0.0005395600967499992,-0.0017098204745199996,-0.0025758366644199997,-0.0032346154352499994,-0.0037473694192499997,-0.00415427194544,-0.004482574120459999,-0.004751289984879999,0.02454673456038,0.013296840243010002,0.007185885394220001,0.00350119416872,0.0011096914233700008,-0.0005299156445299994,-0.0017027183404699992,-0.0025704609984199996,-0.0032304514866099998,-0.0037440800630899997,-0.0041516292037,-0.00448041949537,-0.0047495105904,0.013297392560000003,0.007186281265610001,0.00350147428646,0.0011098929849000004,-0.0005297672261799996,-0.0017026065107299997,-0.0025703749362499997,-0.0032303839897999996,-0.0037440262313699997,-0.0041515856280899995,-0.00448038375404,-0.00474948092882
11sb,0.18347607767818,0.06671610673741,0.03245122113579,0.01787935074907,0.01035434182399,0.005967979696280001,0.0031893751028299992,0.0013189253473099996,0.0,-0.0009647112347999998,-0.0016915660737,-0.00225278818193,-0.00269513193375,-0.0030499470679699998,0.107035339841,0.0459393288709,0.02399486842415,0.013635017749350001,0.00792921378303,0.00445428477962,0.00218194380315,0.0006149344158500004,-0.0005111582100799997,-0.00134750278948,-0.00198561708655,-0.00248354066175,-0.00287952563603,-0.00319961357819,0.05002117834513,0.02577940473424,0.01456619979769,0.00847442247573,0.004800333908419999,0.0024150790917899997,0.0007793652505600004,-0.00039089512720999996,-0.00125691131711,-0.0019156900879399997,-0.00242844407194,-0.00283534659813,-0.00316364877315,-0.0034323646375699996,0.02586565990769,0.01461576559032,0.00850481074153,0.004820119516029999,0.0024286167706800005,0.0007890097027800002,-0.00038379299315999954,-0.00125153565111,-0.0019115261393000001,-0.00242515471578,-0.00283270385639,-0.00316149414806,-0.00343058524309,0.014616317907310002,0.00850520661292,0.0048203996337699995,0.00242881833221,0.00078915812113,-0.00038368116342000005,-0.00125144958894,-0.00191145864249,-0.00242510088406,-0.00283266028078,-0.0031614584067299997,-0.00343055558151
12sb,0.18444078891298,0.06768081797221001,0.03341593237059,0.018844061983869998,0.01131905305879,0.0069326909310800005,0.004154086337629999,0.0022836365821099994,0.0009647112347999998,0.0,-0.0007268548389000001,-0.0012880769471300003,-0.0017304206989500002,-0.00208523583317,0.1080000510758,0.0469040401057,0.024959579658949998,0.01459972898415,0.008893925017829998,0.00541899601442,0.00314665503795,0.0015796456506500002,0.0004535530247200001,-0.00038279155468000023,-0.0010209058517500003,-0.0015188294269500003,-0.00191481440123,-0.00223490234339,0.05098588957993,0.02674411596904,0.015530911032489998,0.009439133710529998,0.005765045143219999,0.0033797903265899995,0.0017440764853600002,0.0005738161075899998,-0.00029220008231000023,-0.0009509788531399999,-0.0014637328371400003,-0.00187063536333,-0.00219893753835,-0.00246765340277,0.026830371142489998,0.01558047682512,0.009469521976330001,0.005784830750829999,0.0033933280054800003,0.00175372093758,0.0005809182416400003,-0.0002868244163100001,-0.0009468149045000003,-0.0014604434809800003,-0.0018679926215900001,-0.00219678291326,-0.00246587400829,0.01558102914211,0.00946991784772,0.005785110868569999,0.00339352956701,0.0017538693559299998,0.0005810300713799997,-0.00028673835414000023,-0.0009467474076900002,-0.0014603896492600002,-0.00186794904598,-0.00219674717193,-0.00246584434671
13sb,0.18516764375188,0.06840767281111,0.03414278720949,0.01957091682277,0.01204590789769,0.00765954576998,0.004880941176529999,0.0030104914210099996,0.0016915660737,0.0007268548389000001,0.0,-0.0005612221082300002,-0.00100356586005,-0.0013583809942699998,0.1087269059147,0.0476308949446,0.02568643449785,0.015326583823050001,0.009620779856729999,0.006145850853319999,0.00387350987685,0.0023065004895500003,0.0011804078636200002,0.0003440632842199999,-0.0002940510128500002,-0.0007919745880500002,-0.00118795956233,-0.00150804750449,0.05171274441883,0.02747097080794,0.01625776587139,0.010165988549429999,0.006491899982119999,0.004106645165489999,0.0024709313242600004,0.00130067094649,0.0004346547565899999,-0.00022412401423999983,-0.0007368779982400001,-0.00114378052443,-0.00147208269945,-0.00174079856387,0.027557225981389998,0.01630733166402,0.01019637681523,0.006511685589729999,0.00412018284438,0.00248057577648,0.0013077730805400004,0.00044003042259,-0.0002199600656000002,-0.0007335886420800001,-0.00114113778269,-0.00146992807436,-0.00173901916939,0.01630788398101,0.01019677268662,0.006511965707469999,0.0041203844059099996,0.00248072419483,0.0013078849102799999,0.0004401164847599999,-0.00021989256879000009,-0.0007335348103600001,-0.00114109420708,-0.0014698923330299998,-0.00173898950781
14sb,0.18572886586011,0.06896889491934001,0.03470400931772,0.020132138931,0.012607130005920002,0.008220767878210002,0.005442163284759999,0.0035717135292399997,0.00225278818193,0.0012880769471300003,0.0005612221082300002,0.0,-0.0004423437518199999,-0.0007971588860399997,0.10928812802293,0.04819211705283,0.02624765660608,0.015887805931280002,0.01018200196496,0.00670707296155,0.00443473198508,0.0028677225977800005,0.0017416299718500004,0.00090528539245,0.00026717109538,-0.00023075247982,-0.0006267374540999998,-0.0009468253962599997,0.05227396652706,0.028032192916170002,0.01681898797962,0.01072721065766,0.007053122090349999,0.00466786727372,0.0030321534324900005,0.0018618930547200001,0.00099587686482,0.00033709809399000033,-0.00017565589000999998,-0.0005825584161999998,-0.0009108605912199999,-0.0011795764556399998,0.02811844808962,0.01686855377225,0.01075759892346,0.0070729076979599995,0.0046814049526100006,0.0030417978847100003,0.0018689951887700005,0.0010012525308200002,0.00034126204262999995,-0.00017236653384999998,-0.0005799156744599999,-0.0009087059661299999,-0.0011777970611599998,0.016869106089240003,0.010757994794850002,0.0070731878157,0.00468160651414,0.00304194630306,0.00186910701851,0.00100133859299,0.00034132953944000007,-0.00017231270212999996,-0.0005798720988499997,-0.0009086702247999997,-0.0011777673995799999
15sb,0.18617120961193,0.06941123867116,0.03514635306954,0.02057448268282,0.013049473757740002,0.008663111630030002,0.005884507036579999,0.00401405728106,0.00269513193375,0.0017304206989500002,0.00100356586005,0.0004423437518199999,0.0,-0.0003548151342199998,0.10973047177475,0.04863446080465,0.0266900003579,0.016330149683100002,0.01062434571678,0.00714941671337,0.0048770757369,0.0033100663496000004,0.0021839737236700003,0.00134762914427,0.0007095148471999999,0.0002115912719999999,-0.00018439370227999992,-0.0005044816444399998,0.05271631027888,0.028474536667990002,0.01726133173144,0.01116955440948,0.007495465842169999,0.00511021102554,0.0034744971843100004,0.00230423680654,0.00143822061664,0.0007794418458100002,0.0002666878618099999,-0.00014021466437999985,-0.0004685168394,-0.0007372327038199999,0.02856079184144,0.01731089752407,0.01119994267528,0.007515251449779999,0.0051237487044300005,0.00348414163653,0.0023113389405900004,0.00144359628264,0.0007836057944499999,0.0002699772179699999,-0.00013757192263999995,-0.00046636221431,-0.0007354533093399999,0.017311449841060002,0.011200338546670002,0.0075155315675199995,0.00512395026596,0.00348429005488,0.00231145077033,0.00144368234481,0.00078367329126,0.00027003104968999995,-0.00013752834702999983,-0.00046632647297999976,-0.00073542364776
16sb,0.18652602474615,0.06976605380538001,0.03550116820376,0.020929297817039998,0.013404288891960001,0.00901792676425,0.006239322170799999,0.004368872415279999,0.0030499470679699998,0.00208523583317,0.0013583809942699998,0.0007971588860399997,0.0003548151342199998,0.0,0.11008528690897,0.04898927593887,0.027044815492119997,0.01668496481732,0.010979160851,0.00750423184759,0.00523189087112,0.00366488148382,0.00253878885789,0.0017024442784899997,0.0010643299814199997,0.0005664064062199997,0.00017042143193999985,-0.00014966651022000005,0.0530711254131,0.02882935180221,0.017616146865659998,0.0115243695437,0.00785028097639,0.00546502615976,0.00382931231853,0.00265905194076,0.0017930357508599997,0.00113425698003,0.0006215029960299997,0.00021460046983999993,-0.00011370170518000024,-0.0003824175696000001,0.028915606975659997,0.01766571265829,0.0115547578095,0.007870066584,0.005478563838650001,0.00383895677075,0.00266615407481,0.0017984114168599998,0.0011384209286699996,0.0006247923521899997,0.00021724321157999982,-0.0001115470800900002,-0.0003806381751200001,0.01766626497528,0.011555153680890001,0.00787034670174,0.00547876540018,0.0038391051890999998,0.0026662659045499997,0.0017984974790299997,0.0011384884254799998,0.0006248461839099997,0.00021728678718999994,-0.00011151133875999999,-0.0003806085135400002
3pb,0.07644073783718,-0.040319233103589994,-0.07458411870521,-0.08915598909193,-0.09668099801701,-0.10106736014472,-0.10384596473817,-0.10571641449369,-0.107035339841,-0.1080000510758,-0.1087269059147,-0.10928812802293,-0.10973047177475,-0.11008528690897,0.0,-0.0610960109701,-0.08304047141685,-0.09340032209165,-0.09910612605797,-0.10258105506138,-0.10485339603785,-0.10642040542515,-0.10754649805107999,-0.10838284263048,-0.10902095692755,-0.10951888050275,-0.10991486547703,-0.11023495341919,-0.05701416149587,-0.08125593510675999,-0.09246914004331,-0.09856091736527,-0.10223500593258,-0.10462026074920999,-0.10625597459044,-0.10742623496821,-0.10829225115811,-0.10895102992894,-0.10946378391294,-0.10987068643913,-0.11019898861414999,-0.11046770447857,-0.08116967993331001,-0.09241957425068,-0.09853052909947,-0.10221522032497,-0.10460672307032,-0.10624633013822,-0.10741913283415999,-0.10828687549211,-0.1089468659803,-0.10946049455678,-0.10986804369739,-0.11019683398906,-0.11046592508409,-0.09241902193369,-0.09853013322807999,-0.10221494020723,-0.10460652150879,-0.10624618171986999,-0.10741902100442,-0.10828678942994,-0.10894679848349,-0.10946044072506,-0.10986800012178,-0.11019679824773,-0.11046589542251
4pb,0.13753674880728,0.020776777866510006,-0.01348810773511,-0.02805997812183,-0.03558498704691,-0.03997134917462,-0.042749953768070004,-0.04462040352359,-0.0459393288709,-0.0469040401057,-0.0476308949446,-0.04819211705283,-0.04863446080465,-0.04898927593887,0.0610960109701,0.0,-0.02194446044675,-0.032304311121549995,-0.03801011508787,-0.041485044091279996,-0.043757385067749996,-0.04532439445505,-0.04645048708098,-0.04728683166038,-0.04792494595745,-0.04842286953265,-0.04881885450693,-0.04913894244909,0.004081849474230001,-0.02015992413666,-0.03137312907321,-0.03746490639517,-0.04113899496248,-0.04352424977911,-0.04515996362034,-0.04633022399811,-0.04719624018801,-0.04785501895884,-0.04836777294284,-0.04877467546903,-0.04910297764405,-0.049371693508469996,-0.02007366896321,-0.03132356328058,-0.03743451812937,-0.04111920935487,-0.04351071210022,-0.04515031916812,-0.04632312186406,-0.04719086452201,-0.0478508550102,-0.048364483586679996,-0.04877203272729,-0.04910082301896,-0.04936991411399,-0.03132301096359,-0.03743412225798,-0.04111892923713,-0.04351051053869,-0.04515017074977,-0.04632301003432,-0.04719077845984,-0.04785078751339,-0.04836442975496,-0.04877198915168,-0.04910078727763,-0.04936988445241
5pb,0.15948120925403,0.04272123831326001,0.00845635271164,-0.00611551767508,-0.013640526600159998,-0.018026888727869998,-0.02080549332132,-0.02267594307684,-0.02399486842415,-0.024959579658949998,-0.02568643449785,-0.02624765660608,-0.0266900003579,-0.027044815492119997,0.08304047141685,0.02194446044675,0.0,-0.010359850674799997,-0.01606565464112,-0.01954058364453,-0.021812924621,-0.023379934008299998,-0.02450602663423,-0.025342371213629998,-0.0259804855107,-0.0264784090859,-0.02687439406018,-0.02719448200234,0.02602630992098,0.001784536310090002,-0.00942866862646,-0.01552044594842,-0.01919453451573,-0.02157978933236,-0.02321550317359,-0.024385763551359997,-0.02525177974126,-0.02591055851209,-0.02642331249609,-0.02683021502228,-0.0271585171973,-0.02742723306172,0.0018707914835399998,-0.009379102833829998,-0.015490057682619999,-0.01917474890812,-0.02156625165347,-0.023205858721369998,-0.02437866141731,-0.02524640407526,-0.025906394563449998,-0.02642002313993,-0.02682757228054,-0.027156362572209998,-0.02742545366724,-0.009378550516839997,-0.015489661811229998,-0.019174468790379998,-0.02156605009194,-0.02320571030302,-0.02437854958757,-0.025246318013089998,-0.02590632706664,-0.02641996930821,-0.02682752870493,-0.027156326830879998,-0.027425424005659997
6pb,0.16984105992883,0.05308108898806001,0.018816203386439998,0.004244332999719998,-0.0032806759253600007,-0.007667038053070001,-0.010445642646520002,-0.012316092402040003,-0.013635017749350001,-0.01459972898415,-0.015326583823050001,-0.015887805931280002,-0.016330149683100002,-0.01668496481732,0.09340032209165,0.032304311121549995,0.010359850674799997,0.0,-0.005705803966320002,-0.009180732969730002,-0.011453073946200001,-0.0130200833335,-0.014146175959430001,-0.01498252053883,-0.015620634835900002,-0.016118558411100003,-0.016514543385380002,-0.01683463132754,0.036386160595779996,0.01214438698489,0.0009311820483399978,-0.005160595273620002,-0.008834683840930002,-0.011219938657560002,-0.012855652498790001,-0.014025912876560001,-0.014891929066460002,-0.015550707837290002,-0.016063461821290002,-0.01647036434748,-0.016798666522500002,-0.017067382386920002,0.012230642158339997,0.000980747840969999,-0.005130207007820001,-0.008814898233320002,-0.011206400978670001,-0.01284600804657,-0.014018810742510001,-0.014886553400460002,-0.015546543888650002,-0.01606017246513,-0.01646772160574,-0.01679651189741,-0.01706560299244,0.0009813001579600002,-0.005129811136430001,-0.008814618115580002,-0.011206199417140001,-0.012845859628220001,-0.014018698912770002,-0.01488646733829,-0.015546476391840001,-0.016060118633410003,-0.016467678030130002,-0.01679647615608,-0.01706557333086
7pb,0.17554686389515,0.058786892954380006,0.02452200735276,0.00995013696604,0.0024251280409600014,-0.0019612340867499987,-0.0047398386802,-0.00661028843572,-0.00792921378303,-0.008893925017829998,-0.009620779856729999,-0.01018200196496,-0.01062434571678,-0.010979160851,0.09910612605797,0.03801011508787,0.01606565464112,0.005705803966320002,0.0,-0.0034749290034099996,-0.005747269979879999,-0.007314279367179999,-0.008440371993109999,-0.009276716572509999,-0.00991483086958,-0.010412754444779999,-0.01080873941906,-0.01112882736122,0.0420919645621,0.01785019095121,0.00663698601466,0.0005452086926999999,-0.00312887987461,-0.00551413469124,-0.007149848532469999,-0.00832010891024,-0.00918612510014,-0.00984490387097,-0.01035765785497,-0.010764560381159999,-0.01109286255618,-0.0113615784206,0.01793644612466,0.006686551807290001,0.000575596958500001,-0.003109094267,-0.005500597012349999,-0.007140204080249999,-0.008313006776189999,-0.00918074943414,-0.00984073992233,-0.01035436849881,-0.010761917639419999,-0.011090707931089999,-0.011359799026119999,0.006687104124280002,0.0005759928298900013,-0.00310881414926,-0.005500395450819999,-0.007140055661899999,-0.00831289494645,-0.009180663371969999,-0.00984067242552,-0.01035431466709,-0.01076187406381,-0.011090672189759999,-0.01135976936454
8pb,0.17902179289856,0.06226182195779001,0.02799693635617,0.01342506596945,0.005900057044370001,0.0015136949166600008,-0.0012649096767900006,-0.00313535943231,-0.00445428477962,-0.00541899601442,-0.006145850853319999,-0.00670707296155,-0.00714941671337,-0.00750423184759,0.10258105506138,0.041485044091279996,0.01954058364453,0.009180732969730002,0.0034749290034099996,0.0,-0.0022723409764699998,-0.0038393503637699994,-0.0049654429896999995,-0.0058017875691,-0.00643990186617,-0.0069378254413699995,-0.00733381041565,-0.00765389835781,0.04556689356551,0.02132511995462,0.01011191501807,0.0040201376961099995,0.0003460491287999995,-0.00203920568783,-0.0036749195290599994,-0.00484517990683,-0.00571119609673,-0.00636997486756,-0.00688272885156,-0.007289631377749999,-0.00761793355277,-0.00788664941719,0.02141137512807,0.0101614808107,0.004050525961910001,0.0003658347364099996,-0.0020256680089399993,-0.0036652750768399996,-0.004838077772779999,-0.00570582043073,-0.00636581091892,-0.0068794394954,-0.007286988636009999,-0.00761577892768,-0.00788487002271,0.010162033127690002,0.004050921833300001,0.0003661148541499997,-0.0020254664474099997,-0.00366512665849,-0.00483796594304,-0.00570573436856,-0.00636574342211,-0.00687938566368,-0.0072869450604,-0.007615743186349999,-0.00788484036113
9pb,0.18129413387503,0.06453416293426001,0.03026927733264,0.01569740694592,0.00817239802084,0.0037860358931300006,0.0010074312996799992,-0.0008630184558400004,-0.00218194380315,-0.00314665503795,-0.00387350987685,-0.00443473198508,-0.0048770757369,-0.00523189087112,0.10485339603785,0.043757385067749996,0.021812924621,0.011453073946200001,0.005747269979879999,0.0022723409764699998,0.0,-0.0015670093872999996,-0.0026931020132299997,-0.00352944659263,-0.0041675608897,-0.0046654844649,-0.00506146943918,-0.00538155738134,0.04783923454198,0.02359746093109,0.01238425599454,0.006292478672579999,0.0026183901052699993,0.0002331352886399997,-0.0014025785525899996,-0.00257283893036,-0.00343885512026,-0.00409763389109,-0.00461038787509,-0.0050172904012799995,-0.0053455925763000005,-0.00561430844072,0.02368371610454,0.01243382178717,0.00632286693838,0.0026381757128799994,0.0002466729675300004,-0.0013929341003699998,-0.0025657367963099996,-0.00343347945426,-0.004093469942450001,-0.00460709851893,-0.0050146476595399996,-0.00534343795121,-0.0056125290462399995,0.012434374104160002,0.006323262809770001,0.0026384558306199995,0.00024687452906000003,-0.00139278568202,-0.00256562496657,-0.00343339339209,-0.00409340244564,-0.00460704468721,-0.00501460408393,-0.005343402209879999,-0.00561249938466
10pb,0.18286114326233,0.06610117232156,0.03183628671994,0.017264416333219998,0.00973940740814,0.00535304528043,0.002574440686979999,0.0007039909314599992,-0.0006149344158500004,-0.0015796456506500002,-0.0023065004895500003,-0.0028677225977800005,-0.0033100663496000004,-0.00366488148382,0.10642040542515,0.04532439445505,0.023379934008299998,0.0130200833335,0.007314279367179999,0.0038393503637699994,0.0015670093872999996,0.0,-0.00112609262593,-0.0019624372053300004,-0.0026005515024000005,-0.0030984750776000005,-0.0034944600518800003,-0.00381454799404,0.04940624392928,0.02516447031839,0.013951265381839998,0.007859488059879998,0.004185399492569999,0.0018001446759399993,0.00016443083471000004,-0.0010058295430600004,-0.0018718457329600004,-0.00253062450379,-0.0030433784877900005,-0.0034502810139800002,-0.0037785831890000004,-0.00404729905342,0.025250725491839997,0.01400083117447,0.00788987632568,0.004205185100179999,0.00181368235483,0.00017407528692999982,-0.00099872740901,-0.0018664700669600003,-0.0025264605551500005,-0.0030400891316300005,-0.0034476382722400003,-0.0037764285639100004,-0.004045519658940001,0.01400138349146,0.00789027219707,0.004205465217919999,0.0018138839163599997,0.0001742237052799996,-0.0009986155792700005,-0.0018663840047900004,-0.0025263930583400004,-0.0030400352999100004,-0.0034475946966300002,-0.00377639282258,-0.00404548999736
11pb,0.18398723588826,0.06722726494749001,0.03296237934587,0.01839050895915,0.01086550003407,0.00647913790636,0.003700533312909999,0.0018300835573899993,0.0005111582100799997,-0.0004535530247200001,-0.0011804078636200002,-0.0017416299718500004,-0.0021839737236700003,-0.00253878885789,0.10754649805107999,0.04645048708098,0.02450602663423,0.014146175959430001,0.008440371993109999,0.0049654429896999995,0.0026931020132299997,0.00112609262593,0.0,-0.0008363445794000003,-0.0014744588764700004,-0.0019723824516700004,-0.0023683674259500002,-0.00268845536811,0.05053233655521,0.02629056294432,0.015077358007769999,0.008985580685809999,0.005311492118499999,0.0029262373018699994,0.0012905234606400001,0.00012026308286999972,-0.0007457531070300004,-0.00140453187786,-0.0019172858618600004,-0.00232418838805,-0.0026524905630700003,-0.00292120642749,0.02637681811777,0.0151269238004,0.00901596895161,0.005331277726109999,0.00293977498076,0.00130016791286,0.00012736521692000013,-0.0007403774410300002,-0.0014003679292200004,-0.0019139965057000004,-0.0023215456463100003,-0.0026503359379800003,-0.00291942703301,0.015127476117390001,0.009016364823,0.005331557843849999,0.0029399765422899998,0.0013003163312099997,0.00012747704665999962,-0.0007402913788600004,-0.0014003004324100003,-0.0019139426739800004,-0.0023215020707,-0.00265030019665,-0.0029193973714300003
12pb,0.18482358046766,0.06806360952689,0.03379872392527,0.01922685353855,0.01170184461347,0.007315482485760001,0.004536877892309999,0.0026664281367899997,0.00134750278948,0.00038279155468000023,-0.0003440632842199999,-0.00090528539245,-0.00134762914427,-0.0017024442784899997,0.10838284263048,0.04728683166038,0.025342371213629998,0.01498252053883,0.009276716572509999,0.0058017875691,0.00352944659263,0.0019624372053300004,0.0008363445794000003,0.0,-0.0006381142970700001,-0.00113603787227,-0.0015320228465499999,-0.0018521107887099998,0.05136868113461,0.02712690752372,0.01591370258717,0.009821925265209999,0.006147836697899999,0.0037625818812699998,0.0021268680400400005,0.0009566076622700001,9.059147237e-05,-0.0005681872984599997,-0.00108094128246,-0.0014878438086499998,-0.00181614598367,-0.0020848618480899996,0.027213162697169998,0.0159632683798,0.009852313531010001,0.0061676223055099995,0.0037761195601600005,0.0021365124922600003,0.0009637097963200005,9.596713837000011e-05,-0.0005640233498200001,-0.0010776519263,-0.00148520106691,-0.00181399135858,-0.00208308245361,0.01596382069679,0.0098527094024,0.0061679024232499996,0.00377632112169,0.00213666091061,0.00096382162606,9.605320054e-05,-0.00056395585301,-0.00107759809458,-0.0014851574912999998,-0.0018139556172499997,-0.00208305279203
13pb,0.18546169476473,0.06870172382396,0.03443683822234,0.01986496783562,0.01233995891054,0.00795359678283,0.005174992189379999,0.0033045424338599997,0.00198561708655,0.0010209058517500003,0.0002940510128500002,-0.00026717109538,-0.0007095148471999999,-0.0010643299814199997,0.10902095692755,0.04792494595745,0.0259804855107,0.015620634835900002,0.00991483086958,0.00643990186617,0.0041675608897,0.0026005515024000005,0.0014744588764700004,0.0006381142970700001,0.0,-0.0004979235752,-0.0008939085494799998,-0.0012139964916399997,0.05200679543168,0.02776502182079,0.016551816884239998,0.01046003956228,0.006785950994969999,0.00440069617834,0.0027649823371100005,0.0015947219593400001,0.0007287057694400001,6.992699861000035e-05,-0.00044282698538999996,-0.0008497295115799997,-0.0011780316866,-0.0014467475510199998,0.027851276994239997,0.016601382676870002,0.01049042782808,0.0068057366025799995,0.004414233857230001,0.0027746267893300003,0.0016018240933900006,0.0007340814354400002,7.409094724999997e-05,-0.00043953762922999996,-0.0008470867698399998,-0.0011758770615099999,-0.0014449681565399997,0.01660193499386,0.01049082369947,0.00680601672032,0.00441443541876,0.00277477520768,0.00160193592313,0.0007341674976100001,7.415844406000009e-05,-0.00043948379750999994,-0.0008470431942299997,-0.0011758413201799997,-0.0014449384949599998
14pb,0.18595961833993,0.06919964739916,0.03493476179754,0.02036289141082,0.01283788248574,0.00845152035803,0.005672915764579999,0.0038024660090599997,0.00248354066175,0.0015188294269500003,0.0007919745880500002,0.00023075247982,-0.0002115912719999999,-0.0005664064062199997,0.10951888050275,0.04842286953265,0.0264784090859,0.016118558411100003,0.010412754444779999,0.0069378254413699995,0.0046654844649,0.0030984750776000005,0.0019723824516700004,0.00113603787227,0.0004979235752,0.0,-0.0003959849742799998,-0.0007160729164399997,0.05250471900688,0.028262945395990002,0.01704974045944,0.010957963137479999,0.007283874570169999,0.004898619753539999,0.0032629059123100005,0.00209264553454,0.00122662934464,0.0005678505738100003,5.509658981000002e-05,-0.00035180593637999975,-0.0006801081113999999,-0.0009488239758199998,0.02834920056944,0.017099306252070002,0.01098835140328,0.007303660177779999,0.00491215743243,0.0032725503645300003,0.0020997476685900005,0.0012320050106400002,0.00057201452245,5.838594597000002e-05,-0.00034916319463999985,-0.0006779534863099999,-0.0009470445813399998,0.017099858569060003,0.01098874727467,0.007303940295519999,0.00491235899396,0.00327269878288,0.00209985949833,0.00123209107281,0.0005720820192600001,5.8439777690000045e-05,-0.00034911961902999973,-0.0006779177449799997,-0.0009470149197599999
15pb,0.18635560331421,0.06959563237344,0.03533074677182,0.0207588763851,0.013233867460020001,0.008847505332310001,0.0060689007388599996,0.004198450983339999,0.00287952563603,0.00191481440123,0.00118795956233,0.0006267374540999998,0.00018439370227999992,-0.00017042143193999985,0.10991486547703,0.04881885450693,0.02687439406018,0.016514543385380002,0.01080873941906,0.00733381041565,0.00506146943918,0.0034944600518800003,0.0023683674259500002,0.0015320228465499999,0.0008939085494799998,0.0003959849742799998,0.0,-0.0003200879421599999,0.05290070398116,0.02865893037027,0.01744572543372,0.01135394811176,0.00767985954445,0.00529460472782,0.0036588908865900003,0.00248863050882,0.0016226143189199999,0.0009638355480900002,0.00045108156408999985,4.417903790000007e-05,-0.0002841231371200001,-0.00055283900154,0.02874518554372,0.01749529122635,0.01138433637756,0.00769964515206,0.005308142406710001,0.00366853533881,0.0024957326428700004,0.00162798998492,0.0009679994967299998,0.00045437092024999985,4.682177963999997e-05,-0.00028196851203000006,-0.0005510596070599999,0.017495843543340002,0.011384732248950001,0.0076999252698,0.00530834396824,0.00366868375716,0.00249584447261,0.0016280760470899999,0.0009680669935399999,0.00045442475196999987,4.686535525000009e-05,-0.00028193277069999984,-0.00055102994548
16pb,0.18667569125637,0.0699157203156,0.03565083471398,0.02107896432726,0.01355395540218,0.00916759327447,0.006388988681019999,0.0045185389254999994,0.00319961357819,0.00223490234339,0.00150804750449,0.0009468253962599997,0.0005044816444399998,0.00014966651022000005,0.11023495341919,0.04913894244909,0.02719448200234,0.01683463132754,0.01112882736122,0.00765389835781,0.00538155738134,0.00381454799404,0.00268845536811,0.0018521107887099998,0.0012139964916399997,0.0007160729164399997,0.0003200879421599999,0.0,0.05322079192332,0.02897901831243,0.01776581337588,0.01167403605392,0.007999947486609999,0.0056146926699799996,0.00397897882875,0.00280871845098,0.0019427022610799998,0.00128392349025,0.0007711695062499998,0.00036426698006,3.5964805039999815e-05,-0.00023275105938000006,0.02906527348588,0.01781537916851,0.01170442431972,0.00801973309422,0.00562823034887,0.00398862328097,0.0028158205850300003,0.0019480779270799999,0.0012880874388899997,0.0007744588624099998,0.0003669097217999999,3.811943012999985e-05,-0.00023097166490000003,0.0178159314855,0.01170482019111,0.00802001321196,0.0056284319104,0.00398877169932,0.0028159324147699998,0.0019481639892499998,0.0012881549356999998,0.0007745126941299998,0.00036695329741,3.8155171460000064e-05,-0.00023094200332000013
3db,0.13345489933305,0.016694928392280005,-0.01756995720934,-0.032141827596060005,-0.03966683652114,-0.04405319864885,-0.046831803242300005,-0.04870225299782,-0.05002117834513,-0.05098588957993,-0.05171274441883,-0.05227396652706,-0.05271631027888,-0.0530711254131,0.05701416149587,-0.004081849474230001,-0.02602630992098,-0.036386160595779996,-0.0420919645621,-0.04556689356551,-0.04783923454198,-0.04940624392928,-0.05053233655521,-0.05136868113461,-0.05200679543168,-0.05250471900688,-0.05290070398116,-0.05322079192332,0.0,-0.02424177361089,-0.03545497854744,-0.0415467558694,-0.04522084443671,-0.04760609925334,-0.04924181309457,-0.05041207347234,-0.05127808966224,-0.05193686843307,-0.05244962241707,-0.05285652494326,-0.05318482711828,-0.0534535429827,-0.02415551843744,-0.03540541275481,-0.0415163676036,-0.0452010588291,-0.04759256157445,-0.04923216864235,-0.05040497133829,-0.05127271399624,-0.05193270448443,-0.05244633306091,-0.05285388220152,-0.05318267249319,-0.05345176358822,-0.03540486043782,-0.04151597173221,-0.04520077871136,-0.04759236001292,-0.049232020224,-0.050404859508550004,-0.05127262793407,-0.051932636987620004,-0.05244627922919,-0.05285383862591,-0.05318263675186,-0.05345173392664
4db,0.15769667294394,0.040936702003170004,0.006671816401549999,-0.007900053985170002,-0.01542506291025,-0.01981142503796,-0.02259002963141,-0.024460479386930002,-0.02577940473424,-0.02674411596904,-0.02747097080794,-0.028032192916170002,-0.028474536667990002,-0.02882935180221,0.08125593510675999,0.02015992413666,-0.001784536310090002,-0.01214438698489,-0.01785019095121,-0.02132511995462,-0.02359746093109,-0.02516447031839,-0.02629056294432,-0.02712690752372,-0.02776502182079,-0.028262945395990002,-0.02865893037027,-0.02897901831243,0.02424177361089,0.0,-0.011213204936550002,-0.01730498225851,-0.02097907082582,-0.02336432564245,-0.02500003948368,-0.026170299861450003,-0.027036316051350002,-0.02769509482218,-0.028207848806180002,-0.02861475133237,-0.02894305350739,-0.02921176937181,8.625517344999778e-05,-0.01116363914392,-0.017274593992710002,-0.02095928521821,-0.02335078796356,-0.02499039503146,-0.0261631977274,-0.027030940385350002,-0.02769093087354,-0.02820455945002,-0.02861210859063,-0.0289408988823,-0.02920998997733,-0.01116308682693,-0.01727419812132,-0.020959005100470003,-0.02335058640203,-0.02499024661311,-0.02616308589766,-0.02703085432318,-0.02769086337673,-0.0282045056183,-0.02861206501502,-0.02894086314097,-0.029209960315750003
5db,0.16890987788049,0.052149906939720006,0.0178850213381,0.00331315095138,-0.0042118579736999985,-0.008598220101409999,-0.01137682469486,-0.01324727445038,-0.01456619979769,-0.015530911032489998,-0.01625776587139,-0.01681898797962,-0.01726133173144,-0.017616146865659998,0.09246914004331,0.03137312907321,0.00942866862646,-0.0009311820483399978,-0.00663698601466,-0.01011191501807,-0.01238425599454,-0.013951265381839998,-0.015077358007769999,-0.01591370258717,-0.016551816884239998,-0.01704974045944,-0.01744572543372,-0.01776581337588,0.03545497854744,0.011213204936550002,0.0,-0.00609177732196,-0.00976586588927,-0.0121511207059,-0.013786834547129999,-0.0149570949249,-0.0158231111148,-0.01648188988563,-0.01699464386963,-0.01740154639582,-0.01772984857084,-0.01799856443526,0.01129946011,4.956579263000124e-05,-0.006061389056159999,-0.00974608028166,-0.012137583027009999,-0.013777190094909998,-0.014949992790849999,-0.0158177354488,-0.016477725936989998,-0.01699135451347,-0.01739890365408,-0.01772769394575,-0.01799678504078,5.011810962000235e-05,-0.0060609931847699985,-0.00974580016392,-0.01213738146548,-0.01377704167656,-0.01494988096111,-0.01581764938663,-0.01647765844018,-0.016991300681749998,-0.01739886007847,-0.01772765820442,-0.0179967553792
6db,0.17500165520245,0.058241684261680006,0.02397679866006,0.00940492827334,0.0018799193482600014,-0.0025064427794499987,-0.0052850473729,-0.00715549712842,-0.00847442247573,-0.009439133710529998,-0.010165988549429999,-0.01072721065766,-0.01116955440948,-0.0115243695437,0.09856091736527,0.03746490639517,0.01552044594842,0.005160595273620002,-0.0005452086926999999,-0.0040201376961099995,-0.006292478672579999,-0.007859488059879998,-0.008985580685809999,-0.009821925265209999,-0.01046003956228,-0.010957963137479999,-0.01135394811176,-0.01167403605392,0.0415467558694,0.01730498225851,0.00609177732196,0.0,-0.00367408856731,-0.00605934338394,-0.007695057225169999,-0.00886531760294,-0.00973133379284,-0.01039011256367,-0.01090286654767,-0.011309769073859999,-0.01163807124888,-0.0119067871133,0.01739123743196,0.006141343114590001,3.038826580000105e-05,-0.0036543029597,-0.006045805705049999,-0.007685412772949999,-0.008858215468889999,-0.00972595812684,-0.01038594861503,-0.01089957719151,-0.011307126332119999,-0.011635916623789998,-0.011905007718819999,0.006141895431580002,3.078413719000139e-05,-0.00365402284196,-0.006045604143519999,-0.007685264354599999,-0.00885810363915,-0.009725872064669999,-0.01038588111822,-0.01089952335979,-0.01130708275651,-0.011635880882459999,-0.01190497805724
7db,0.17867574376976,0.06191577282899001,0.02765088722737,0.01307901684065,0.0055540079155700015,0.0011676457878600013,-0.00161095880559,-0.0034814085611099997,-0.004800333908419999,-0.005765045143219999,-0.006491899982119999,-0.007053122090349999,-0.007495465842169999,-0.00785028097639,0.10223500593258,0.04113899496248,0.01919453451573,0.008834683840930002,0.00312887987461,-0.0003460491287999995,-0.0026183901052699993,-0.004185399492569999,-0.005311492118499999,-0.006147836697899999,-0.006785950994969999,-0.007283874570169999,-0.00767985954445,-0.007999947486609999,0.04522084443671,0.02097907082582,0.00976586588927,0.00367408856731,0.0,-0.0023852548166299996,-0.004020968657859999,-0.005191229035629999,-0.006057245225529999,-0.0067160239963599995,-0.007228777980359999,-0.007635680506549999,-0.00796398268157,-0.00823269854599,0.02106532599927,0.009815431681900001,0.003704476833110001,1.9785607610000103e-05,-0.002371717137739999,-0.004011324205639999,-0.005184126901579999,-0.006051869559529999,-0.00671186004772,-0.007225488624199999,-0.007633037764809999,-0.007961828056479998,-0.008230919151509999,0.009815983998890002,0.0037048727045000014,2.0065725350000216e-05,-0.0023715155762099992,-0.004011175787289999,-0.005184015071839999,-0.006051783497359999,-0.006711792550909999,-0.007225434792479999,-0.007632994189199999,-0.007961792315149999,-0.00823088948993
8db,0.18106099858639,0.06430102764562001,0.030036142044,0.01546427165728,0.007939262732200001,0.003552900604490001,0.0007742960110399995,-0.00109615374448,-0.0024150790917899997,-0.0033797903265899995,-0.004106645165489999,-0.00466786727372,-0.00511021102554,-0.00546502615976,0.10462026074920999,0.04352424977911,0.02157978933236,0.011219938657560002,0.00551413469124,0.00203920568783,-0.0002331352886399997,-0.0018001446759399993,-0.0029262373018699994,-0.0037625818812699998,-0.00440069617834,-0.004898619753539999,-0.00529460472782,-0.0056146926699799996,0.04760609925334,0.02336432564245,0.0121511207059,0.00605934338394,0.0023852548166299996,0.0,-0.0016357138412299993,-0.0028059742189999997,-0.0036719904088999998,-0.00433076917973,-0.00484352316373,-0.005250425689919999,-0.00557872786494,-0.005847443729359999,0.0234505808159,0.01220068649853,0.006089731649740001,0.0024050404242399997,1.3537678890000737e-05,-0.0016260693890099995,-0.0027988720849499993,-0.0036666147428999997,-0.00432660523109,-0.00484023380757,-0.005247782948179999,-0.00557657323985,-0.005845664334879999,0.012201238815520002,0.006090127521130001,0.00240532054198,1.373924042000034e-05,-0.0016259209706599997,-0.00279876025521,-0.0036665286807299998,-0.00432653773428,-0.00484017997585,-0.0052477393725699996,-0.005576537498519999,-0.0058456346733
9db,0.18269671242762,0.06593674148685,0.03167185588523,0.01709998549851,0.00957497657343,0.00518861444572,0.0024100098522699988,0.0005395600967499992,-0.0007793652505600004,-0.0017440764853600002,-0.0024709313242600004,-0.0030321534324900005,-0.0034744971843100004,-0.00382931231853,0.10625597459044,0.04515996362034,0.02321550317359,0.012855652498790001,0.007149848532469999,0.0036749195290599994,0.0014025785525899996,-0.00016443083471000004,-0.0012905234606400001,-0.0021268680400400005,-0.0027649823371100005,-0.0032629059123100005,-0.0036588908865900003,-0.00397897882875,0.04924181309457,0.02500003948368,0.013786834547129999,0.007695057225169999,0.004020968657859999,0.0016357138412299993,0.0,-0.0011702603777700004,-0.0020362765676700005,-0.0026950553385,-0.0032078093225000005,-0.0036147118486900003,-0.003943014023710001,-0.00421172988813,0.02508629465713,0.01383640033976,0.00772544549097,0.004040754265469999,0.00164925152012,9.644452219999787e-06,-0.00116315824372,-0.0020309009016700004,-0.0026908913898600006,-0.0032045199663400005,-0.0036120691069500004,-0.00394085939862,-0.00420995049365,0.013836952656750001,0.00772584136236,0.004041034383209999,0.0016494530816499996,9.792870569999557e-06,-0.0011630464139800005,-0.0020308148395000005,-0.0026908238930500004,-0.0032044661346200005,-0.0036120255313400003,-0.00394082365729,-0.00420992083207
10db,0.18386697280539,0.06710700186462,0.032842116263,0.018270245876279997,0.0107452369512,0.006358874823490001,0.003580270230039999,0.0017098204745199996,0.00039089512720999996,-0.0005738161075899998,-0.00130067094649,-0.0018618930547200001,-0.00230423680654,-0.00265905194076,0.10742623496821,0.04633022399811,0.024385763551359997,0.014025912876560001,0.00832010891024,0.00484517990683,0.00257283893036,0.0010058295430600004,-0.00012026308286999972,-0.0009566076622700001,-0.0015947219593400001,-0.00209264553454,-0.00248863050882,-0.00280871845098,0.05041207347234,0.026170299861450003,0.0149570949249,0.00886531760294,0.005191229035629999,0.0028059742189999997,0.0011702603777700004,0.0,-0.0008660161899000001,-0.0015247949607299998,-0.00203754894473,-0.00244445147092,-0.00277275364594,-0.0030414695103599997,0.0262565550349,0.01500666071753,0.00889570586874,0.005211014643239999,0.0028195118978900004,0.0011799048299900002,7.1021340500004165e-06,-0.0008606405239,-0.0015206310120900002,-0.00203425958857,-0.00244180872918,-0.00277059902085,-0.00303969011588,0.015007213034520002,0.00889610174013,0.0052112947609799995,0.00281971345942,0.00118005324834,7.213963789999903e-06,-0.0008605544617300001,-0.00152056351528,-0.00203420575685,-0.00244176515357,-0.00277056327952,-0.0030396604543
11db,0.18473298899529,0.06797301805452001,0.0337081324529,0.01913626206618,0.011611253141100002,0.007224891013390001,0.004446286419939999,0.0025758366644199997,0.00125691131711,0.00029220008231000023,-0.0004346547565899999,-0.00099587686482,-0.00143822061664,-0.0017930357508599997,0.10829225115811,0.04719624018801,0.02525177974126,0.014891929066460002,0.00918612510014,0.00571119609673,0.00343885512026,0.0018718457329600004,0.0007457531070300004,-9.059147237e-05,-0.0007287057694400001,-0.00122662934464,-0.0016226143189199999,-0.0019427022610799998,0.05127808966224,0.027036316051350002,0.0158231111148,0.00973133379284,0.006057245225529999,0.0036719904088999998,0.0020362765676700005,0.0008660161899000001,0.0,-0.0006587787708299997,-0.00117153275483,-0.0015784352810199998,-0.00190673745604,-0.0021754533204599996,0.0271225712248,0.01587267690743,0.00976172205864,0.0060770308331399995,0.0036855280877900005,0.0020459210198900003,0.0008731183239500005,5.375666000000112e-06,-0.0006546148221900001,-0.00116824339867,-0.00157579253928,-0.00190458283095,-0.00217367392598,0.015873229224420003,0.009762117930030002,0.00607731095088,0.00368572964932,0.00204606943824,0.00087323015369,5.461728169999999e-06,-0.00065454732538,-0.00116818956695,-0.0015757489636699998,-0.0019045470896199997,-0.0021736442644
12db,0.18539176776611999,0.06863179682535,0.03436691122373,0.01979504083701,0.012270031911930001,0.00788366978422,0.005105065190769999,0.0032346154352499994,0.0019156900879399997,0.0009509788531399999,0.00022412401423999983,-0.00033709809399000033,-0.0007794418458100002,-0.00113425698003,0.10895102992894,0.04785501895884,0.02591055851209,0.015550707837290002,0.00984490387097,0.00636997486756,0.00409763389109,0.00253062450379,0.00140453187786,0.0005681872984599997,-6.992699861000035e-05,-0.0005678505738100003,-0.0009638355480900002,-0.00128392349025,0.05193686843307,0.02769509482218,0.01648188988563,0.01039011256367,0.0067160239963599995,0.00433076917973,0.0026950553385,0.0015247949607299998,0.0006587787708299997,0.0,-0.0005127539840000003,-0.0009196565101900001,-0.0012479586852100003,-0.0015166745496300001,0.02778134999563,0.01653145567826,0.01042050082947,0.00673580960397,0.004344306858620001,0.00270469979072,0.0015318970947800002,0.0006641544368299998,4.163948639999623e-06,-0.0005094646278400003,-0.0009170137684500002,-0.0012458040601200002,-0.00151489515515,0.016532007995250002,0.010420896700860001,0.00673608972171,0.00434450842015,0.0027048482090699997,0.0015320089245199997,0.0006642404989999997,4.231445449999743e-06,-0.0005094107961200003,-0.0009169701928400001,-0.00124576831879,-0.0015148654935700002
13db,0.18590452175012,0.06914455080935,0.03487966520773,0.02030779482101,0.012782785895930002,0.008396423768220002,0.005617819174769999,0.0037473694192499997,0.00242844407194,0.0014637328371400003,0.0007368779982400001,0.00017565589000999998,-0.0002666878618099999,-0.0006215029960299997,0.10946378391294,0.04836777294284,0.02642331249609,0.016063461821290002,0.01035765785497,0.00688272885156,0.00461038787509,0.0030433784877900005,0.0019172858618600004,0.00108094128246,0.00044282698538999996,-5.509658981000002e-05,-0.00045108156408999985,-0.0007711695062499998,0.05244962241707,0.028207848806180002,0.01699464386963,0.01090286654767,0.007228777980359999,0.00484352316373,0.0032078093225000005,0.00203754894473,0.00117153275483,0.0005127539840000003,0.0,-0.0004069025261899998,-0.0007352047012099999,-0.0010039205656299998,0.02829410397963,0.01704420966226,0.01093325481347,0.0072485635879699995,0.0048570608426200005,0.0032174537747200003,0.0020446510787800005,0.0011769084208300001,0.0005169179326399999,3.2893561599999996e-06,-0.0004042597844499999,-0.0007330500761199999,-0.0010021411711499998,0.017044761979250003,0.010933650684860002,0.00724884370571,0.00485726240415,0.00321760219307,0.00204476290852,0.001176994483,0.0005169854294500001,3.3431878800000217e-06,-0.00040421620883999976,-0.0007330143347899997,-0.0010021115095699999
14db,0.18631142427631,0.06955145333554001,0.03528656773392,0.0207146973472,0.01318968842212,0.00880332629441,0.006024721700959999,0.00415427194544,0.00283534659813,0.00187063536333,0.00114378052443,0.0005825584161999998,0.00014021466437999985,-0.00021460046983999993,0.10987068643913,0.04877467546903,0.02683021502228,0.01647036434748,0.010764560381159999,0.007289631377749999,0.0050172904012799995,0.0034502810139800002,0.00232418838805,0.0014878438086499998,0.0008497295115799997,0.00035180593637999975,-4.417903790000007e-05,-0.00036426698006,0.05285652494326,0.02861475133237,0.01740154639582,0.011309769073859999,0.007635680506549999,0.005250425689919999,0.0036147118486900003,0.00244445147092,0.0015784352810199998,0.0009196565101900001,0.0004069025261899998,0.0,-0.00032830217502000016,-0.00059701803944,0.028701006505819998,0.01745111218845,0.01134015733966,0.007655466114159999,0.00526396336881,0.00362435630091,0.0024515536049700003,0.00158381094702,0.0009238204588299997,0.0004101918823499998,2.6427417399998987e-06,-0.00032614754993000013,-0.00059523864496,0.01745166450544,0.01134055321105,0.007655746231899999,0.0052641649303399995,0.00362450471926,0.0024516654347099998,0.0015838970091899998,0.0009238879556399998,0.0004102457140699998,2.686317350000019e-06,-0.0003261118085999999,-0.0005952089833800001
15db,0.18663972645133,0.06987975551056,0.03561486990894,0.02104299952222,0.013517990597140001,0.009131628469430001,0.00635302387598,0.004482574120459999,0.00316364877315,0.00219893753835,0.00147208269945,0.0009108605912199999,0.0004685168394,0.00011370170518000024,0.11019898861414999,0.04910297764405,0.0271585171973,0.016798666522500002,0.01109286255618,0.00761793355277,0.0053455925763000005,0.0037785831890000004,0.0026524905630700003,0.00181614598367,0.0011780316866,0.0006801081113999999,0.0002841231371200001,-3.5964805039999815e-05,0.05318482711828,0.02894305350739,0.01772984857084,0.01163807124888,0.00796398268157,0.00557872786494,0.003943014023710001,0.00277275364594,0.00190673745604,0.0012479586852100003,0.0007352047012099999,0.00032830217502000016,0.0,-0.00026871586441999987,0.02902930868084,0.01777941436347,0.01166845951468,0.00798376828918,0.005592265543830001,0.00395265847593,0.0027798557799900005,0.00191211312204,0.0012521226338499999,0.0007384940573699999,0.00033094491676000006,2.154625090000032e-06,-0.00026693646993999984,0.017779966680460002,0.011668855386070001,0.00798404840692,0.0055924671053600005,0.00395280689428,0.00277996760973,0.00191219918421,0.00125219013066,0.00073854788909,0.0003309884923700002,2.190366420000249e-06,-0.00026690680835999995
16db,0.18690844231575,0.07014847137498001,0.03588358577336,0.02131171538664,0.013786706461560001,0.009400344333850001,0.006621739740399999,0.004751289984879999,0.0034323646375699996,0.00246765340277,0.00174079856387,0.0011795764556399998,0.0007372327038199999,0.0003824175696000001,0.11046770447857,0.049371693508469996,0.02742723306172,0.017067382386920002,0.0113615784206,0.00788664941719,0.00561430844072,0.00404729905342,0.00292120642749,0.0020848618480899996,0.0014467475510199998,0.0009488239758199998,0.00055283900154,0.00023275105938000006,0.0534535429827,0.02921176937181,0.01799856443526,0.0119067871133,0.00823269854599,0.005847443729359999,0.00421172988813,0.0030414695103599997,0.0021754533204599996,0.0015166745496300001,0.0010039205656299998,0.00059701803944,0.00026871586441999987,0.0,0.02929802454526,0.01804813022789,0.011937175379100001,0.0082524841536,0.00586098140825,0.00422137434035,0.00304857164441,0.0021808289864599997,0.0015208384982699997,0.0010072099217899998,0.0005996607811799999,0.0002708704895099999,1.7793944800000277e-06,0.018048682544880002,0.011937571250490001,0.00825276427134,0.00586118296978,0.0042215227587,0.0030486834741499996,0.0021809150486299996,0.0015209059950799999,0.0010072637535099998,0.00059970435679,0.0002709062308400001,1.8090560599999268e-06
4fb,0.15761041777049,0.04085044682972001,0.006585561228100001,-0.00798630915862,-0.015511318083699998,-0.019897680211409998,-0.02267628480486,-0.02454673456038,-0.02586565990769,-0.026830371142489998,-0.027557225981389998,-0.02811844808962,-0.02856079184144,-0.028915606975659997,0.08116967993331001,0.02007366896321,-0.0018707914835399998,-0.012230642158339997,-0.01793644612466,-0.02141137512807,-0.02368371610454,-0.025250725491839997,-0.02637681811777,-0.027213162697169998,-0.027851276994239997,-0.02834920056944,-0.02874518554372,-0.02906527348588,0.02415551843744,-8.625517344999778e-05,-0.01129946011,-0.01739123743196,-0.02106532599927,-0.0234505808159,-0.02508629465713,-0.0262565550349,-0.0271225712248,-0.02778134999563,-0.02829410397963,-0.028701006505819998,-0.02902930868084,-0.02929802454526,0.0,-0.011249894317369998,-0.01736084916616,-0.021045540391659998,-0.023437043137009998,-0.025076650204909998,-0.02624945290085,-0.0271171955588,-0.027777186046989998,-0.02829081462347,-0.028698363764079998,-0.029027154055749998,-0.029296245150779998,-0.011249342000379997,-0.017360453294769998,-0.02104526027392,-0.023436841575479997,-0.02507650178656,-0.02624934107111,-0.027117109496629998,-0.02777711855018,-0.028290760791749997,-0.02869832018847,-0.029027118314419998,-0.0292962154892
5fb,0.16886031208786,0.05210034114709,0.01783545554547,0.0032635851587499987,-0.00426142376633,-0.00864778589404,-0.011426390487490001,-0.013296840243010002,-0.01461576559032,-0.01558047682512,-0.01630733166402,-0.01686855377225,-0.01731089752407,-0.01766571265829,0.09241957425068,0.03132356328058,0.009379102833829998,-0.000980747840969999,-0.006686551807290001,-0.0101614808107,-0.01243382178717,-0.01400083117447,-0.0151269238004,-0.0159632683798,-0.016601382676870002,-0.017099306252070002,-0.01749529122635,-0.01781537916851,0.03540541275481,0.01116363914392,-4.956579263000124e-05,-0.006141343114590001,-0.009815431681900001,-0.01220068649853,-0.01383640033976,-0.01500666071753,-0.01587267690743,-0.01653145567826,-0.01704420966226,-0.01745111218845,-0.01777941436347,-0.01804813022789,0.011249894317369998,0.0,-0.00611095484879,-0.009795646074290001,-0.01218714881964,-0.01382675588754,-0.01499955858348,-0.01586730124143,-0.01652729172962,-0.0170409203061,-0.01744846944671,-0.01777725973838,-0.01804635083341,5.52316990001106e-07,-0.0061105589774,-0.009795365956550001,-0.01218694725811,-0.01382660746919,-0.01499944675374,-0.01586721517926,-0.01652722423281,-0.017040866474380002,-0.0174484258711,-0.01777722399705,-0.01804632117183
6fb,0.17497126693665,0.05821129599588001,0.02394641039426,0.009374540007539999,0.0018495310824600004,-0.0025368310452499997,-0.005315435638700001,-0.007185885394220001,-0.00850481074153,-0.009469521976330001,-0.01019637681523,-0.01075759892346,-0.01119994267528,-0.0115547578095,0.09853052909947,0.03743451812937,0.015490057682619999,0.005130207007820001,-0.000575596958500001,-0.004050525961910001,-0.00632286693838,-0.00788987632568,-0.00901596895161,-0.009852313531010001,-0.01049042782808,-0.01098835140328,-0.01138433637756,-0.01170442431972,0.0415163676036,0.017274593992710002,0.006061389056159999,-3.038826580000105e-05,-0.003704476833110001,-0.006089731649740001,-0.00772544549097,-0.00889570586874,-0.00976172205864,-0.01042050082947,-0.01093325481347,-0.01134015733966,-0.01166845951468,-0.011937175379100001,0.01736084916616,0.00611095484879,0.0,-0.003684691225500001,-0.00607619397085,-0.00771580103875,-0.00888860373469,-0.00975634639264,-0.010416336880830001,-0.01092996545731,-0.01133751459792,-0.011666304889590001,-0.01193539598462,0.006111507165780001,3.9587139000034355e-07,-0.003684411107760001,-0.00607599240932,-0.0077156526204,-0.00888849190495,-0.009756260330470001,-0.01041626938402,-0.01092991162559,-0.01133747102231,-0.01166626914826,-0.01193536632304
7fb,0.17865595816215,0.061895987221380004,0.02763110161976,0.01305923123304,0.005534222307960001,0.0011478601802500012,-0.0016307444132000002,-0.00350119416872,-0.004820119516029999,-0.005784830750829999,-0.006511685589729999,-0.0070729076979599995,-0.007515251449779999,-0.007870066584,0.10221522032497,0.04111920935487,0.01917474890812,0.008814898233320002,0.003109094267,-0.0003658347364099996,-0.0026381757128799994,-0.004205185100179999,-0.005331277726109999,-0.0061676223055099995,-0.0068057366025799995,-0.007303660177779999,-0.00769964515206,-0.00801973309422,0.0452010588291,0.02095928521821,0.00974608028166,0.0036543029597,-1.9785607610000103e-05,-0.0024050404242399997,-0.004040754265469999,-0.005211014643239999,-0.0060770308331399995,-0.00673580960397,-0.0072485635879699995,-0.007655466114159999,-0.00798376828918,-0.0082524841536,0.021045540391659998,0.009795646074290001,0.003684691225500001,0.0,-0.002391502745349999,-0.004031109813249999,-0.005203912509189999,-0.006071655167139999,-0.00673164565533,-0.0072452742318099995,-0.007652823372419999,-0.00798161366409,-0.008250704759119999,0.009796198391280002,0.0036850870968900013,2.8011774000011314e-07,-0.0023913011838199993,-0.004030961394899999,-0.0052038006794499995,-0.0060715691049699995,-0.006731578158519999,-0.0072452204000899995,-0.007652779796809999,-0.007981577922759999,-0.00825067509754
8fb,0.1810474609075,0.06428748996673,0.03002260436511,0.015450733978389999,0.00792572505331,0.0035393629256,0.0007607583321499987,-0.0011096914233700008,-0.0024286167706800005,-0.0033933280054800003,-0.00412018284438,-0.0046814049526100006,-0.0051237487044300005,-0.005478563838650001,0.10460672307032,0.04351071210022,0.02156625165347,0.011206400978670001,0.005500597012349999,0.0020256680089399993,-0.0002466729675300004,-0.00181368235483,-0.00293977498076,-0.0037761195601600005,-0.004414233857230001,-0.00491215743243,-0.005308142406710001,-0.00562823034887,0.04759256157445,0.02335078796356,0.012137583027009999,0.006045805705049999,0.002371717137739999,-1.3537678890000737e-05,-0.00164925152012,-0.0028195118978900004,-0.0036855280877900005,-0.004344306858620001,-0.0048570608426200005,-0.00526396336881,-0.005592265543830001,-0.00586098140825,0.023437043137009998,0.01218714881964,0.00607619397085,0.002391502745349999,0.0,-0.0016396070679000002,-0.00281240976384,-0.0036801524217900004,-0.004340142909980001,-0.0048537714864600005,-0.00526132062707,-0.0055901109187400004,-0.00585920201377,0.012187701136630001,0.00607658984224,0.002391782863089999,2.0156152999960264e-07,-0.0016394586495500005,-0.0028122979341000005,-0.0036800663596200005,-0.0043400754131700005,-0.0048537176547400005,-0.00526127705146,-0.00559007517741,-0.00585917235219
9fb,0.1826870679754,0.06592709703463001,0.03166221143301,0.017090341046289998,0.00956533212121,0.0051789699935,0.002400365400049999,0.0005299156445299994,-0.0007890097027800002,-0.00175372093758,-0.00248057577648,-0.0030417978847100003,-0.00348414163653,-0.00383895677075,0.10624633013822,0.04515031916812,0.023205858721369998,0.01284600804657,0.007140204080249999,0.0036652750768399996,0.0013929341003699998,-0.00017407528692999982,-0.00130016791286,-0.0021365124922600003,-0.0027746267893300003,-0.0032725503645300003,-0.00366853533881,-0.00398862328097,0.04923216864235,0.02499039503146,0.013777190094909998,0.007685412772949999,0.004011324205639999,0.0016260693890099995,-9.644452219999787e-06,-0.0011799048299900002,-0.0020459210198900003,-0.00270469979072,-0.0032174537747200003,-0.00362435630091,-0.00395265847593,-0.00422137434035,0.025076650204909998,0.01382675588754,0.00771580103875,0.004031109813249999,0.0016396070679000002,0.0,-0.0011728026959399998,-0.00204054535389,-0.0027005358420800003,-0.0032141644185600003,-0.00362171355917,-0.00395050385084,-0.0042195949458700005,0.01382730820453,0.0077161969101400005,0.004031389930989999,0.0016398086294299999,1.484183499997696e-07,-0.0011726908662000003,-0.0020404592917200003,-0.0027004683452700002,-0.0032141105868400003,-0.00362166998356,-0.00395046810951,-0.00421956528429
10fb,0.18385987067134,0.06709989973057001,0.03283501412895,0.01826314374223,0.01073813481715,0.00635177268944,0.0035731680959899988,0.0017027183404699992,0.00038379299315999954,-0.0005809182416400003,-0.0013077730805400004,-0.0018689951887700005,-0.0023113389405900004,-0.00266615407481,0.10741913283415999,0.04632312186406,0.02437866141731,0.014018810742510001,0.008313006776189999,0.004838077772779999,0.0025657367963099996,0.00099872740901,-0.00012736521692000013,-0.0009637097963200005,-0.0016018240933900006,-0.0020997476685900005,-0.0024957326428700004,-0.0028158205850300003,0.05040497133829,0.0261631977274,0.014949992790849999,0.008858215468889999,0.005184126901579999,0.0027988720849499993,0.00116315824372,-7.1021340500004165e-06,-0.0008731183239500005,-0.0015318970947800002,-0.0020446510787800005,-0.0024515536049700003,-0.0027798557799900005,-0.00304857164441,0.02624945290085,0.01499955858348,0.00888860373469,0.005203912509189999,0.00281240976384,0.0011728026959399998,0.0,-0.0008677426579500004,-0.0015277331461400006,-0.0020413617226200005,-0.0024489108632300004,-0.0027777011549000004,-0.0030467922499300003,0.015000110900470001,0.00888899960608,0.005204192626929999,0.0028126113253699996,0.0011729511142899995,1.1182973999948609e-07,-0.0008676565957800005,-0.0015276656493300005,-0.0020413078909000005,-0.0024488672876200003,-0.00277766541357,-0.0030467625883500004
11fb,0.18472761332929,0.06796764238852,0.0337027567869,0.01913088640018,0.011605877475100002,0.007219515347390001,0.004440910753939999,0.0025704609984199996,0.00125153565111,0.0002868244163100001,-0.00044003042259,-0.0010012525308200002,-0.00144359628264,-0.0017984114168599998,0.10828687549211,0.04719086452201,0.02524640407526,0.014886553400460002,0.00918074943414,0.00570582043073,0.00343347945426,0.0018664700669600003,0.0007403774410300002,-9.596713837000011e-05,-0.0007340814354400002,-0.0012320050106400002,-0.00162798998492,-0.0019480779270799999,0.05127271399624,0.027030940385350002,0.0158177354488,0.00972595812684,0.006051869559529999,0.0036666147428999997,0.0020309009016700004,0.0008606405239,-5.375666000000112e-06,-0.0006641544368299998,-0.0011769084208300001,-0.00158381094702,-0.00191211312204,-0.0021808289864599997,0.0271171955588,0.01586730124143,0.00975634639264,0.006071655167139999,0.0036801524217900004,0.00204054535389,0.0008677426579500004,0.0,-0.0006599904881900002,-0.0011736190646700001,-0.00158116820528,-0.00190995849695,-0.00217904959198,0.015867853558420002,0.009756742264030002,0.0060719352848799995,0.00368035398332,0.00204069377224,0.0008678544876899999,8.606216999988703e-08,-0.0006599229913800001,-0.0011735652329500001,-0.00158112462967,-0.0019099227556199998,-0.0021790199304
12fb,0.18538760381748,0.06862763287671,0.03436274727509,0.019790876888369998,0.012265867963290001,0.007879505835580001,0.00510090124213,0.0032304514866099998,0.0019115261393000001,0.0009468149045000003,0.0002199600656000002,-0.00034126204262999995,-0.0007836057944499999,-0.0011384209286699996,0.1089468659803,0.0478508550102,0.025906394563449998,0.015546543888650002,0.00984073992233,0.00636581091892,0.004093469942450001,0.0025264605551500005,0.0014003679292200004,0.0005640233498200001,-7.409094724999997e-05,-0.00057201452245,-0.0009679994967299998,-0.0012880874388899997,0.05193270448443,0.02769093087354,0.016477725936989998,0.01038594861503,0.00671186004772,0.00432660523109,0.0026908913898600006,0.0015206310120900002,0.0006546148221900001,-4.163948639999623e-06,-0.0005169179326399999,-0.0009238204588299997,-0.0012521226338499999,-0.0015208384982699997,0.027777186046989998,0.01652729172962,0.010416336880830001,0.00673164565533,0.004340142909980001,0.0027005358420800003,0.0015277331461400006,0.0006599904881900002,0.0,-0.0005136285764799999,-0.0009211777170899998,-0.0012499680087599998,-0.0015190591037899997,0.01652784404661,0.010416732752220001,0.00673192577307,0.004340344471510001,0.00270068426043,0.00152784497588,0.0006600765503600001,6.749681000011928e-08,-0.0005135747447599999,-0.0009211341414799997,-0.0012499322674299996,-0.0015190294422099998
13fb,0.18590123239396,0.06914126145319001,0.034876375851569996,0.02030450546485,0.01277949653977,0.00839313441206,0.005614529818609999,0.0037440800630899997,0.00242515471578,0.0014604434809800003,0.0007335886420800001,0.00017236653384999998,-0.0002699772179699999,-0.0006247923521899997,0.10946049455678,0.048364483586679996,0.02642002313993,0.01606017246513,0.01035436849881,0.0068794394954,0.00460709851893,0.0030400891316300005,0.0019139965057000004,0.0010776519263,0.00043953762922999996,-5.838594597000002e-05,-0.00045437092024999985,-0.0007744588624099998,0.05244633306091,0.02820455945002,0.01699135451347,0.01089957719151,0.007225488624199999,0.00484023380757,0.0032045199663400005,0.00203425958857,0.00116824339867,0.0005094646278400003,-3.2893561599999996e-06,-0.0004101918823499998,-0.0007384940573699999,-0.0010072099217899998,0.02829081462347,0.0170409203061,0.01092996545731,0.0072452742318099995,0.0048537714864600005,0.0032141644185600003,0.0020413617226200005,0.0011736190646700001,0.0005136285764799999,0.0,-0.0004075491406099999,-0.0007363394322799999,-0.0010054305273099998,0.01704147262309,0.0109303613287,0.00724555434955,0.00485397304799,0.00321431283691,0.00204147355236,0.00117370512684,0.0005136960732900001,5.383172000002212e-08,-0.00040750556499999976,-0.0007363036909499997,-0.0010054008657299999
14fb,0.18630878153457,0.06954881059380001,0.03528392499218,0.02071205460546,0.01318704568038,0.00880068355267,0.006022078959219999,0.0041516292037,0.00283270385639,0.0018679926215900001,0.00114113778269,0.0005799156744599999,0.00013757192263999995,-0.00021724321157999982,0.10986804369739,0.04877203272729,0.02682757228054,0.01646772160574,0.010761917639419999,0.007286988636009999,0.0050146476595399996,0.0034476382722400003,0.0023215456463100003,0.00148520106691,0.0008470867698399998,0.00034916319463999985,-4.682177963999997e-05,-0.0003669097217999999,0.05285388220152,0.02861210859063,0.01739890365408,0.011307126332119999,0.007633037764809999,0.005247782948179999,0.0036120691069500004,0.00244180872918,0.00157579253928,0.0009170137684500002,0.0004042597844499999,-2.6427417399998987e-06,-0.00033094491676000006,-0.0005996607811799999,0.028698363764079998,0.01744846944671,0.01133751459792,0.007652823372419999,0.00526132062707,0.00362171355917,0.0024489108632300004,0.00158116820528,0.0009211777170899998,0.0004075491406099999,0.0,-0.00032879029167000003,-0.0005978813866999999,0.0174490217637,0.01133791046931,0.007653103490159999,0.0052615221886,0.00362186197752,0.00244902269297,0.00158125426745,0.0009212452138999999,0.0004076029723299999,4.357561000012042e-08,-0.0003287545503399998,-0.00059785172512
15fb,0.18663757182624,0.06987760088547,0.03561271528385,0.02104084489713,0.01351583597205,0.00912947384434,0.006350869250889999,0.00448041949537,0.00316149414806,0.00219678291326,0.00146992807436,0.0009087059661299999,0.00046636221431,0.0001115470800900002,0.11019683398906,0.04910082301896,0.027156362572209998,0.01679651189741,0.011090707931089999,0.00761577892768,0.00534343795121,0.0037764285639100004,0.0026503359379800003,0.00181399135858,0.0011758770615099999,0.0006779534863099999,0.00028196851203000006,-3.811943012999985e-05,0.05318267249319,0.0289408988823,0.01772769394575,0.011635916623789998,0.007961828056479998,0.00557657323985,0.00394085939862,0.00277059902085,0.00190458283095,0.0012458040601200002,0.0007330500761199999,0.00032614754993000013,-2.154625090000032e-06,-0.0002708704895099999,0.029027154055749998,0.01777725973838,0.011666304889590001,0.00798161366409,0.0055901109187400004,0.00395050385084,0.0027777011549000004,0.00190995849695,0.0012499680087599998,0.0007363394322799999,0.00032879029167000003,0.0,-0.0002690910950299999,0.01777781205537,0.01166670076098,0.00798189378183,0.00559031248027,0.00395065226919,0.00277781298464,0.00191004455912,0.00125003550557,0.0007363932639999999,0.00032883386728000015,3.574133000021698e-08,-0.00026906143345
16fb,0.18690666292127,0.07014669198050001,0.03588180637888,0.02130993599216,0.01378492706708,0.00939856493937,0.006619960345919999,0.0047495105904,0.00343058524309,0.00246587400829,0.00173901916939,0.0011777970611599998,0.0007354533093399999,0.0003806381751200001,0.11046592508409,0.04936991411399,0.02742545366724,0.01706560299244,0.011359799026119999,0.00788487002271,0.0056125290462399995,0.004045519658940001,0.00291942703301,0.00208308245361,0.0014449681565399997,0.0009470445813399998,0.0005510596070599999,0.00023097166490000003,0.05345176358822,0.02920998997733,0.01799678504078,0.011905007718819999,0.008230919151509999,0.005845664334879999,0.00420995049365,0.00303969011588,0.00217367392598,0.00151489515515,0.0010021411711499998,0.00059523864496,0.00026693646993999984,-1.7793944800000277e-06,0.029296245150779998,0.01804635083341,0.01193539598462,0.008250704759119999,0.00585920201377,0.0042195949458700005,0.0030467922499300003,0.00217904959198,0.0015190591037899997,0.0010054305273099998,0.0005978813866999999,0.0002690910950299999,0.0,0.0180469031504,0.01193579185601,0.008250984876859999,0.0058594035752999995,0.004219743364219999,0.0030469040796699998,0.00217913565415,0.0015191266005999998,0.0010054843590299998,0.00059792496231,0.0002691268363600001,2.9661579999899074e-08
5gb,0.16885975977087,0.052099788830100004,0.017834903228479998,0.0032630328417599976,-0.004261976083320001,-0.008648338211030001,-0.011426942804480002,-0.013297392560000003,-0.014616317907310002,-0.01558102914211,-0.01630788398101,-0.016869106089240003,-0.017311449841060002,-0.01766626497528,0.09241902193369,0.03132301096359,0.009378550516839997,-0.0009813001579600002,-0.006687104124280002,-0.010162033127690002,-0.012434374104160002,-0.01400138349146,-0.015127476117390001,-0.01596382069679,-0.01660193499386,-0.017099858569060003,-0.017495843543340002,-0.0178159314855,0.03540486043782,0.01116308682693,-5.011810962000235e-05,-0.006141895431580002,-0.009815983998890002,-0.012201238815520002,-0.013836952656750001,-0.015007213034520002,-0.015873229224420003,-0.016532007995250002,-0.017044761979250003,-0.01745166450544,-0.017779966680460002,-0.018048682544880002,0.011249342000379997,-5.52316990001106e-07,-0.006111507165780001,-0.009796198391280002,-0.012187701136630001,-0.01382730820453,-0.015000110900470001,-0.015867853558420002,-0.01652784404661,-0.01704147262309,-0.0174490217637,-0.01777781205537,-0.0180469031504,0.0,-0.006111111294390001,-0.009795918273540002,-0.012187499575100002,-0.013827159786180002,-0.014999999070730002,-0.01586776749625,-0.0165277765498,-0.01704141879137,-0.017448978188090002,-0.01777777631404,-0.018046873488820003
6gb,0.17497087106526,0.058210900124490005,0.02394601452287,0.009374144136149998,0.00184913521107,-0.00253722691664,-0.0053158315100900015,-0.007186281265610001,-0.00850520661292,-0.00946991784772,-0.01019677268662,-0.010757994794850002,-0.011200338546670002,-0.011555153680890001,0.09853013322807999,0.03743412225798,0.015489661811229998,0.005129811136430001,-0.0005759928298900013,-0.004050921833300001,-0.006323262809770001,-0.00789027219707,-0.009016364823,-0.0098527094024,-0.01049082369947,-0.01098874727467,-0.011384732248950001,-0.01170482019111,0.04151597173221,0.01727419812132,0.0060609931847699985,-3.078413719000139e-05,-0.0037048727045000014,-0.006090127521130001,-0.00772584136236,-0.00889610174013,-0.009762117930030002,-0.010420896700860001,-0.010933650684860002,-0.01134055321105,-0.011668855386070001,-0.011937571250490001,0.017360453294769998,0.0061105589774,-3.9587139000034355e-07,-0.0036850870968900013,-0.00607658984224,-0.0077161969101400005,-0.00888899960608,-0.009756742264030002,-0.010416732752220001,-0.0109303613287,-0.01133791046931,-0.01166670076098,-0.01193579185601,0.006111111294390001,0.0,-0.003684806979150001,-0.006076388280710001,-0.007716048491790001,-0.00888888777634,-0.00975665620186,-0.01041666525541,-0.01093030749698,-0.011337866893700001,-0.01166666501965,-0.01193576219443
7gb,0.17865567804441,0.06189570710364001,0.027630821502020002,0.0130589511153,0.005533942190220001,0.0011475800625100011,-0.0016310245309400003,-0.00350147428646,-0.0048203996337699995,-0.005785110868569999,-0.006511965707469999,-0.0070731878157,-0.0075155315675199995,-0.00787034670174,0.10221494020723,0.04111892923713,0.019174468790379998,0.008814618115580002,0.00310881414926,-0.0003661148541499997,-0.0026384558306199995,-0.004205465217919999,-0.005331557843849999,-0.0061679024232499996,-0.00680601672032,-0.007303940295519999,-0.0076999252698,-0.00802001321196,0.04520077871136,0.020959005100470003,0.00974580016392,0.00365402284196,-2.0065725350000216e-05,-0.00240532054198,-0.004041034383209999,-0.0052112947609799995,-0.00607731095088,-0.00673608972171,-0.00724884370571,-0.007655746231899999,-0.00798404840692,-0.00825276427134,0.02104526027392,0.009795365956550001,0.003684411107760001,-2.8011774000011314e-07,-0.002391782863089999,-0.004031389930989999,-0.005204192626929999,-0.0060719352848799995,-0.00673192577307,-0.00724555434955,-0.007653103490159999,-0.00798189378183,-0.008250984876859999,0.009795918273540002,0.003684806979150001,0.0,-0.0023915813015599995,-0.0040312415126399995,-0.00520408079719,-0.00607184922271,-0.0067318582762599995,-0.00724550051783,-0.007653059914549999,-0.007981858040499999,-0.00825095521528
8gb,0.18104725934597,0.06428728840520001,0.030022402803579998,0.015450532416859999,0.00792552349178,0.0035391613640700006,0.0007605567706199991,-0.0011098929849000004,-0.00242881833221,-0.00339352956701,-0.0041203844059099996,-0.00468160651414,-0.00512395026596,-0.00547876540018,0.10460652150879,0.04351051053869,0.02156605009194,0.011206199417140001,0.005500395450819999,0.0020254664474099997,-0.00024687452906000003,-0.0018138839163599997,-0.0029399765422899998,-0.00377632112169,-0.00441443541876,-0.00491235899396,-0.00530834396824,-0.0056284319104,0.04759236001292,0.02335058640203,0.01213738146548,0.006045604143519999,0.0023715155762099992,-1.373924042000034e-05,-0.0016494530816499996,-0.00281971345942,-0.00368572964932,-0.00434450842015,-0.00485726240415,-0.0052641649303399995,-0.0055924671053600005,-0.00586118296978,0.023436841575479997,0.01218694725811,0.00607599240932,0.0023913011838199993,-2.0156152999960264e-07,-0.0016398086294299999,-0.0028126113253699996,-0.00368035398332,-0.004340344471510001,-0.00485397304799,-0.0052615221886,-0.00559031248027,-0.0058594035752999995,0.012187499575100002,0.006076388280710001,0.0023915813015599995,0.0,-0.00163966021108,-0.00281249949563,-0.00368026792115,-0.0043402769747,-0.00485391921627,-0.00526147861299,-0.005590276738939999,-0.00585937391372
9gb,0.18268691955705,0.06592694861628001,0.03166206301466,0.01709019262794,0.00956518370286,0.005178821575150001,0.0024002169816999992,0.0005297672261799996,-0.00078915812113,-0.0017538693559299998,-0.00248072419483,-0.00304194630306,-0.00348429005488,-0.0038391051890999998,0.10624618171986999,0.04515017074977,0.02320571030302,0.012845859628220001,0.007140055661899999,0.00366512665849,0.00139278568202,-0.0001742237052799996,-0.0013003163312099997,-0.00213666091061,-0.00277477520768,-0.00327269878288,-0.00366868375716,-0.00398877169932,0.049232020224,0.02499024661311,0.01377704167656,0.007685264354599999,0.004011175787289999,0.0016259209706599997,-9.792870569999557e-06,-0.00118005324834,-0.00204606943824,-0.0027048482090699997,-0.00321760219307,-0.00362450471926,-0.00395280689428,-0.0042215227587,0.02507650178656,0.01382660746919,0.0077156526204,0.004030961394899999,0.0016394586495500005,-1.484183499997696e-07,-0.0011729511142899995,-0.00204069377224,-0.00270068426043,-0.00321431283691,-0.00362186197752,-0.00395065226919,-0.004219743364219999,0.013827159786180002,0.007716048491790001,0.0040312415126399995,0.00163966021108,0.0,-0.00117283928455,-0.00204060771007,-0.00270061676362,-0.00321425900519,-0.00362181840191,-0.003950616527859999,-0.00421971370264
10gb,0.1838597588416,0.06709978790083,0.03283490229921,0.01826303191249,0.01073802298741,0.006351660859700001,0.0035730562662499993,0.0017026065107299997,0.00038368116342000005,-0.0005810300713799997,-0.0013078849102799999,-0.00186910701851,-0.00231145077033,-0.0026662659045499997,0.10741902100442,0.04632301003432,0.02437854958757,0.014018698912770002,0.00831289494645,0.00483796594304,0.00256562496657,0.0009986155792700005,-0.00012747704665999962,-0.00096382162606,-0.00160193592313,-0.00209985949833,-0.00249584447261,-0.0028159324147699998,0.050404859508550004,0.02616308589766,0.01494988096111,0.00885810363915,0.005184015071839999,0.00279876025521,0.0011630464139800005,-7.213963789999903e-06,-0.00087323015369,-0.0015320089245199997,-0.00204476290852,-0.0024516654347099998,-0.00277996760973,-0.0030486834741499996,0.02624934107111,0.01499944675374,0.00888849190495,0.0052038006794499995,0.0028122979341000005,0.0011726908662000003,-1.1182973999948609e-07,-0.0008678544876899999,-0.00152784497588,-0.00204147355236,-0.00244902269297,-0.00277781298464,-0.0030469040796699998,0.014999999070730002,0.00888888777634,0.00520408079719,0.00281249949563,0.00117283928455,0.0,-0.00086776842552,-0.00152777747907,-0.00204141972064,-0.0024489791173599998,-0.0027777772433099997,-0.00304687441809
11gb,0.18472752726712,0.06796755632635,0.03370267072473,0.01913080033801,0.01160579141293,0.007219429285220001,0.004440824691769999,0.0025703749362499997,0.00125144958894,0.00028673835414000023,-0.0004401164847599999,-0.00100133859299,-0.00144368234481,-0.0017984974790299997,0.10828678942994,0.04719077845984,0.025246318013089998,0.01488646733829,0.009180663371969999,0.00570573436856,0.00343339339209,0.0018663840047900004,0.0007402913788600004,-9.605320054e-05,-0.0007341674976100001,-0.00123209107281,-0.0016280760470899999,-0.0019481639892499998,0.05127262793407,0.02703085432318,0.01581764938663,0.009725872064669999,0.006051783497359999,0.0036665286807299998,0.0020308148395000005,0.0008605544617300001,-5.461728169999999e-06,-0.0006642404989999997,-0.001176994483,-0.0015838970091899998,-0.00191219918421,-0.0021809150486299996,0.027117109496629998,0.01586721517926,0.009756260330470001,0.0060715691049699995,0.0036800663596200005,0.0020404592917200003,0.0008676565957800005,-8.606216999988703e-08,-0.0006600765503600001,-0.00117370512684,-0.00158125426745,-0.00191004455912,-0.00217913565415,0.01586776749625,0.00975665620186,0.00607184922271,0.00368026792115,0.00204060771007,0.00086776842552,0.0,-0.00066000905355,-0.00117365129512,-0.0015812106918399998,-0.0019100088177899997,-0.00217910599257
12gb,0.18538753632067,0.0686275653799,0.03436267977828,0.01979080939156,0.01226580046648,0.00787943833877,0.005100833745319999,0.0032303839897999996,0.00191145864249,0.0009467474076900002,0.00021989256879000009,-0.00034132953944000007,-0.00078367329126,-0.0011384884254799998,0.10894679848349,0.04785078751339,0.02590632706664,0.015546476391840001,0.00984067242552,0.00636574342211,0.00409340244564,0.0025263930583400004,0.0014003004324100003,0.00056395585301,-7.415844406000009e-05,-0.0005720820192600001,-0.0009680669935399999,-0.0012881549356999998,0.051932636987620004,0.02769086337673,0.01647765844018,0.01038588111822,0.006711792550909999,0.00432653773428,0.0026908238930500004,0.00152056351528,0.00065454732538,-4.231445449999743e-06,-0.0005169854294500001,-0.0009238879556399998,-0.00125219013066,-0.0015209059950799999,0.02777711855018,0.01652722423281,0.01041626938402,0.006731578158519999,0.0043400754131700005,0.0027004683452700002,0.0015276656493300005,0.0006599229913800001,-6.749681000011928e-08,-0.0005136960732900001,-0.0009212452138999999,-0.00125003550557,-0.0015191266005999998,0.0165277765498,0.01041666525541,0.0067318582762599995,0.0043402769747,0.00270061676362,0.00152777747907,0.00066000905355,0.0,-0.00051364224157,-0.0009212016382899998,-0.0012499997642399997,-0.00151909693902
13gb,0.18590117856224,0.06914120762147001,0.03487632201985,0.02030445163313,0.01277944270805,0.00839308058034,0.005614475986889999,0.0037440262313699997,0.00242510088406,0.0014603896492600002,0.0007335348103600001,0.00017231270212999996,-0.00027003104968999995,-0.0006248461839099997,0.10946044072506,0.04836442975496,0.02641996930821,0.016060118633410003,0.01035431466709,0.00687938566368,0.00460704468721,0.0030400352999100004,0.0019139426739800004,0.00107759809458,0.00043948379750999994,-5.8439777690000045e-05,-0.00045442475196999987,-0.0007745126941299998,0.05244627922919,0.0282045056183,0.016991300681749998,0.01089952335979,0.007225434792479999,0.00484017997585,0.0032044661346200005,0.00203420575685,0.00116818956695,0.0005094107961200003,-3.3431878800000217e-06,-0.0004102457140699998,-0.00073854788909,-0.0010072637535099998,0.028290760791749997,0.017040866474380002,0.01092991162559,0.0072452204000899995,0.0048537176547400005,0.0032141105868400003,0.0020413078909000005,0.0011735652329500001,0.0005135747447599999,-5.383172000002212e-08,-0.0004076029723299999,-0.0007363932639999999,-0.0010054843590299998,0.01704141879137,0.01093030749698,0.00724550051783,0.00485391921627,0.00321425900519,0.00204141972064,0.00117365129512,0.00051364224157,0.0,-0.0004075593967199998,-0.0007363575226699997,-0.00100545469745
14gb,0.18630873795896,0.06954876701819,0.03528388141657,0.02071201102985,0.013187002104770001,0.008800639977060001,0.006022035383609999,0.0041515856280899995,0.00283266028078,0.00186794904598,0.00114109420708,0.0005798720988499997,0.00013752834702999983,-0.00021728678718999994,0.10986800012178,0.04877198915168,0.02682752870493,0.016467678030130002,0.01076187406381,0.0072869450604,0.00501460408393,0.0034475946966300002,0.0023215020707,0.0014851574912999998,0.0008470431942299997,0.00034911961902999973,-4.686535525000009e-05,-0.00036695329741,0.05285383862591,0.02861206501502,0.01739886007847,0.01130708275651,0.007632994189199999,0.0052477393725699996,0.0036120255313400003,0.00244176515357,0.0015757489636699998,0.0009169701928400001,0.00040421620883999976,-2.686317350000019e-06,-0.0003309884923700002,-0.00059970435679,0.02869832018847,0.0174484258711,0.01133747102231,0.007652779796809999,0.00526127705146,0.00362166998356,0.0024488672876200003,0.00158112462967,0.0009211341414799997,0.00040750556499999976,-4.357561000012042e-08,-0.00032883386728000015,-0.00059792496231,0.017448978188090002,0.011337866893700001,0.007653059914549999,0.00526147861299,0.00362181840191,0.0024489791173599998,0.0015812106918399998,0.0009212016382899998,0.0004075593967199998,0.0,-0.00032879812594999993,-0.0005978953007300001
15gb,0.18663753608491,0.06987756514414001,0.03561267954252,0.0210408091558,0.01351580023072,0.00912943810301,0.0063508335095599985,0.00448038375404,0.0031614584067299997,0.00219674717193,0.0014698923330299998,0.0009086702247999997,0.00046632647297999976,0.00011151133875999999,0.11019679824773,0.04910078727763,0.027156326830879998,0.01679647615608,0.011090672189759999,0.007615743186349999,0.005343402209879999,0.00377639282258,0.00265030019665,0.0018139556172499997,0.0011758413201799997,0.0006779177449799997,0.00028193277069999984,-3.8155171460000064e-05,0.05318263675186,0.02894086314097,0.01772765820442,0.011635880882459999,0.007961792315149999,0.005576537498519999,0.00394082365729,0.00277056327952,0.0019045470896199997,0.00124576831879,0.0007330143347899997,0.0003261118085999999,-2.190366420000249e-06,-0.0002709062308400001,0.029027118314419998,0.01777722399705,0.01166626914826,0.007981577922759999,0.00559007517741,0.00395046810951,0.00277766541357,0.0019099227556199998,0.0012499322674299996,0.0007363036909499997,0.0003287545503399998,-3.574133000021698e-08,-0.0002691268363600001,0.01777777631404,0.01166666501965,0.007981858040499999,0.005590276738939999,0.003950616527859999,0.0027777772433099997,0.0019100088177899997,0.0012499997642399997,0.0007363575226699997,0.00032879812594999993,0.0,-0.0002690971747800002
16gb,0.18690663325969,0.07014666231892,0.0358817767173,0.021309906330579997,0.0137848974055,0.00939853527779,0.006619930684339999,0.00474948092882,0.00343055558151,0.00246584434671,0.00173898950781,0.0011777673995799999,0.00073542364776,0.0003806085135400002,0.11046589542251,0.04936988445241,0.027425424005659997,0.01706557333086,0.01135976936454,0.00788484036113,0.00561249938466,0.00404548999736,0.0029193973714300003,0.00208305279203,0.0014449384949599998,0.0009470149197599999,0.00055102994548,0.00023094200332000013,0.05345173392664,0.029209960315750003,0.0179967553792,0.01190497805724,0.00823088948993,0.0058456346733,0.00420992083207,0.0030396604543,0.0021736442644,0.0015148654935700002,0.0010021115095699999,0.0005952089833800001,0.00026690680835999995,-1.8090560599999268e-06,0.0292962154892,0.01804632117183,0.01193536632304,0.00825067509754,0.00585917235219,0.00421956528429,0.0030467625883500004,0.0021790199304,0.0015190294422099998,0.0010054008657299999,0.00059785172512,0.00026906143345,-2.9661579999899074e-08,0.018046873488820003,0.01193576219443,0.00825095521528,0.00585937391372,0.00421971370264,0.00304687441809,0.00217910599257,0.00151909693902,0.00100545469745,0.0005978953007300001,0.0002690971747800002,0.0
